first_page_type,total_sessions,product_view_rate,cart_rate,purchase_rate
listing_page,169427,4.459737822188908,1.1414945669816499,1.1072615344661714
order_page,1961,27.893931667516576,17.644059153493117,100.0
product_page,147855,100.0,4.216292989753475,1.895776267288898
search_listing_page,21200,32.5377358490566,10.15566037735849,4.702830188679245
